{
  "title": "Formas de decorar seu escritório com plantas",
  "date": "2019-05-16T16:01:40.618Z",
  "thumbnail": "/img/uploads/formas-de-decorar-seu-escritorio-com-plantas.jpg",
  "description": "Escritórios geralmente são ambientes sóbrios, sérios e com pouca cor. Para dar um pouco mais de vida ao espaço, as plantas podem ser as alternativas ideais. Destacamos três formas de decorar seu escritório com plantas. Confira!",
  "body": "![Formas de decorar seu escritório com plantas]()\n\n\n\nEscritórios geralmente são ambientes sóbrios, sérios e com pouca cor. Para dar um pouco mais de vida ao espaço, as plantas podem ser a alternativa. Destacamos três formas de decorar seu escritório com plantas.\n\nO cultivo, além de estimular a criatividade e a produtividade, também auxilia na tranquilidade mental. As plantas ainda embelezam o espaço e melhoram a qualidade do ar.\n\nEntretanto, manter as plantas vai depender do espaço que o escritório dispõe e dos cuidados corretos. Sempre disponibilize um tempo para cuidas das plantas, mantendo-as sempre bonitas e saudáveis.\n\n## Vasos\n\nÉ a forma mais simples e fácil para decorar o escritório com plantas. Vasos pequenos podem ser colocados sobre as mesas ou nas janelas, ou ainda suspensos como pendentes.\n\nVasos grandes podem ser colocados nos cantos do escritório, atrás da mesa, próximos à porta. Mas lembre-se de nunca colocar em locais de passagem, para não atrapalhar.\n\nOs vasos pequenos devem ser furados para que não retenham muita água. Coloque um pratinho embaixo para não molhar o ambiente.\n\nPara vasos pequenos:\n\n• Violetas\n\n• Minicactos\n\n• Suculentas\n\n• Babosa\n\n• Bonsai\n\n• Orquídeas\n\n• Pimenta\n\nPara vasos grandes:\n\n• Espada de São Jorge\n\n• Jade\n\n• Antúrio\n\n• Bromélia\n\n• Palmeira ráfia\n\n• Lírio da Paz\n\n• Costela de Adão\n\n## Jardim Vertical\n\nOs jardins verticais são suspensos na parede. Podem ser feitos com alguns vasos, mas também podem completar a parede inteira, transformando-a em uma parede viva. Utilize xaxins, painéis ou treliças para suspender o jardim.\n\nVocê pode plantar estes tipos:\n\n• Samambaias\n\n• Orquídeas\n\n• Suculentas\n\n• Hera\n\n• Lambari-roxo\n\n• Jiboia\n\n## Jardim de Inverno\n\nOs jardins de inverno cabem em escritórios com bastante espaço. Precisam de uma área isolada, pode ser fechada por vidros e ter ou não acesso à luz natural.\n\nAqui, cabem até uns detalhes a mais, como pedras, enfeites próprios para jardins e iluminação diferenciada.\n\nComo o jardim de inverno é um espaço mais amplo, é possível colocar algumas árvores frutíferas de maior porte, em vasos grandes. Mas evite árvores que tenham raízes muito profundas e grandes, para que não quebrem o vaso.\n\nAlgumas ideias:\n\n• Pata de elefante\n\n• Pitangueira\n\n• Cactos\n\n• Copo de Leite\n\n• Buxinho\n\n• Bambuzinho de Jardim\n\n• Amoreira\n\n## Cuidados\n\nA ideia de decorar o escritório com plantas é excelente, mas de nada adianta distribuí-las pelo espaço e não tratá-las de forma adequada.\n\nPara isso, é necessário ficar atento à espécie da planta e quais cuidados específicos ela precisa. Confira:\n\n\\- Certifique-se de que as plantas estejam recebendo água e luz solar adequadamente;\n\n\\- Muito cuidado com os pratos embaixo dos vasos. Coloque areia para que não fique água parada, evitando, assim, o aparecimento de larvas do mosquito da dengue;\n\n\\- Utilize adubos específicos para cada planta;\n\n\\- Algumas plantas precisam de podas constantes. Se não souber como fazer, chame um especialista;\n\n\\- Sempre retire as folhas secas;\n\n\\- Regularmente troque a terra e faça replantios. Isso garante a nutrição da planta;\n\n\\- Cuidado com o ar-condicionado. Algumas plantas podem sentir demais o ambiente. Pesquise antes quais as mais resistentes e evite colocá-las em locais que recebem o ar diretamente.\n\nConfira mais dicas e nossa linha de móveis exclusivos para escritórios no [nosso site](https://palucamoveis.com.br/)!",
  "meta_title": "",
  "meta_description": ""
}