{
  "marketing_stripe": {
    "text": "PRODUTOS COM ATÉ 20% DE DESCONTO!",
    "link": "",
    "background": "#006666",
    "color": "#ffffff"
  },
  "contacts_stripe": {
    "pages": [
      {
        "title": "",
        "link": ""
      }
    ],
    "phone_wpp": true,
    "socials": true
  },
  "categories_list": {
    "featured": [],
    "random": 6,
    "full_width": false
  },
  "desktop_megamenu": true,
  "search_input": true,
  "alphabetical_order_submenu": false,
  "full_width_submenu": false
}