{
  "meta_title": "Paluca Móveis - Móveis e Cadeiras para Escritório no RJ",
  "meta_description": "Móveis para escritório em Niterói - RJ é na Paluca Móveis, Mesa de escritório, cadeiras para escritório, armários e gaveteiro. Móveis corporativo online.",
  "sections": [
    {
      "type": "banner-slider",
      "autoplay": 9000,
      "full_width": true,
      "slides": [
        {
          "start": "",
          "end": "",
          "img": "/img/uploads/cadeira-eiffel.webp",
          "alt": "Cadeiras Eiffel"
        },
        {
          "start": "",
          "end": "",
          "img": "/img/uploads/moveis-para-escritorio.webp",
          "alt": "Móveis para escritório"
        },
        {
          "start": "",
          "end": "",
          "img": "/img/uploads/plataforma-de-trabalho.webp",
          "alt": "Estação de trabalho"
        }
      ]
    },
    {
      "type": "info-bar",
      "enabled": true
    },
    {
      "type": "collection-shelf",
      "shuffle": true,
      "collection_id": null,
      "sort": "lowest_price",
      "title": "",
      "headless": false,
      "limit": 12,
      "page": 1
    },
    {
      "type": "banners-grid",
      "banners": [
        {
          "img": "/img/uploads/cadeira-presidente.webp",
          "alt": "cadeira presidente"
        },
        {
          "img": "/img/uploads/moveis-colaborativo.webp",
          "alt": "moveis colaborativos"
        },
        {
          "img": "/img/uploads/mesa-de-escritorio.webp",
          "alt": "mesa para escritório"
        }
      ]
    },
    {
      "type": "collection-shelf",
      "shuffle": true,
      "limit": 12,
      "page": 1,
      "collection_id": null,
      "sort": "views",
      "title": "Produtos em destaque"
    },
    {
      "type": "brands-carousel",
      "limit": 6,
      "offset": 0,
      "autoplay": 9000,
      "sort": "name"
    }
  ]
}